State,AAHC number 2020
California,94
New Jersey,50
New York,30
Washington,26
Massachusetts,13
Texas,12
Minnesota,9
Pennsylvania,8
Colorado,7
Nevada,7
Virginia,5
Ohio,5
Arizona,4
Hawaii,4
Oregon,3
Nebraska,3
Tennessee,3
Wisconsin,3
Connecticut,3
Florida,3
Illinois,3
Maine,3
Michigan,2
Kentucky,2
Kansas,2
North Carolina,2
New Hampshire,2
Montana,2
Missouri,2
Mississippi,2
New Mexico,1
Louisiana,1
Arkansas,1
Indiana,1
Maryland,1
Idaho,1
Utah,1
Vermont,1
District of Columbia,1
